"JsType","Label","Source","Target"
"harmony side effect evaluation","../../../environments/environment","AytR","dJ3e"
"harmony import specifier","../../../environments/environment","AytR","dJ3e"
"harmony import specifier","../../../environments/environment","AytR","dJ3e"
"harmony import specifier","../../../environments/environment","AytR","dJ3e"
"harmony import specifier","../../../environments/environment","AytR","dJ3e"
"harmony side effect evaluation","./environments/environment","AytR","zUnb"
"harmony import specifier","./environments/environment","AytR","zUnb"
"harmony side effect evaluation","./http.token.interceptor","C5T1","ey9i"
"harmony export imported specifier","./http.token.interceptor","C5T1","ey9i"
"harmony side effect evaluation","./interceptors/http.token.interceptor","C5T1","pKmL"
"harmony import specifier","./interceptors/http.token.interceptor","C5T1","pKmL"
"harmony side effect evaluation","./article-meta.component","IDn2","M0ag"
"harmony export imported specifier","./article-meta.component","IDn2","M0ag"
"harmony side effect evaluation","./article-meta.component","IDn2","mzfZ"
"harmony import specifier","./article-meta.component","IDn2","mzfZ"
"harmony side effect evaluation","../shared/article-helpers/article-meta.component","IDn2","rZHr"
"harmony import specifier","../shared/article-helpers/article-meta.component","IDn2","rZHr"
"harmony side effect evaluation","../shared","M0ag","7wo0"
"harmony import specifier","../shared","M0ag","7wo0"
"harmony side effect evaluation","../shared","M0ag","ALb8"
"harmony import specifier","../shared","M0ag","ALb8"
"harmony side effect evaluation","../shared","M0ag","cRhG"
"harmony import specifier","../shared","M0ag","cRhG"
"harmony side effect evaluation","../shared","M0ag","rZHr"
"harmony import specifier","../shared","M0ag","rZHr"
"harmony side effect evaluation","../shared","M0ag","zUnb"
"harmony side effect evaluation","../shared","M0ag","zUnb"
"harmony side effect evaluation","./shared","M0ag","zUnb"
"harmony import specifier","../shared","M0ag","zUnb"
"harmony import specifier","../shared","M0ag","zUnb"
"harmony import specifier","./shared","M0ag","zUnb"
"harmony side effect evaluation","./footer.component","Q+cP","M0ag"
"harmony export imported specifier","./footer.component","Q+cP","M0ag"
"harmony side effect evaluation","./shared/layout/footer.component","Q+cP","zUnb"
"harmony import specifier","./shared/layout/footer.component","Q+cP","zUnb"
"harmony side effect evaluation","./favorite-button.component","SXxL","M0ag"
"harmony export imported specifier","./favorite-button.component","SXxL","M0ag"
"harmony side effect evaluation","../buttons/favorite-button.component","SXxL","mzfZ"
"harmony import specifier","../buttons/favorite-button.component","SXxL","mzfZ"
"harmony side effect evaluation","../shared/buttons/favorite-button.component","SXxL","rZHr"
"harmony import specifier","../shared/buttons/favorite-button.component","SXxL","rZHr"
"harmony side effect evaluation","./show-authed.directive","TYhg","M0ag"
"harmony export imported specifier","./show-authed.directive","TYhg","M0ag"
"harmony side effect evaluation","../show-authed.directive","TYhg","mIkr"
"harmony import specifier","../show-authed.directive","TYhg","mIkr"
"harmony side effect evaluation","../shared/show-authed.directive","TYhg","rZHr"
"harmony import specifier","../shared/show-authed.directive","TYhg","rZHr"
"harmony side effect evaluation","../shared/show-authed.directive","TYhg","zUnb"
"harmony import specifier","../shared/show-authed.directive","TYhg","zUnb"
"harmony side effect evaluation","./follow-button.component","UCte","M0ag"
"harmony export imported specifier","./follow-button.component","UCte","M0ag"
"harmony side effect evaluation","../shared/buttons/follow-button.component","UCte","cRhG"
"harmony import specifier","../shared/buttons/follow-button.component","UCte","cRhG"
"harmony side effect evaluation","../shared/buttons/follow-button.component","UCte","rZHr"
"harmony import specifier","../shared/buttons/follow-button.component","UCte","rZHr"
"harmony side effect evaluation","../services","dJ3e","C5T1"
"harmony side effect evaluation","../services","dJ3e","C5T1"
"harmony import specifier","../services","dJ3e","C5T1"
"harmony side effect evaluation","./services","dJ3e","ey9i"
"harmony export imported specifier","./services","dJ3e","ey9i"
"harmony side effect evaluation","./services","dJ3e","pKmL"
"harmony import specifier","./services","dJ3e","pKmL"
"harmony import specifier","./services","dJ3e","pKmL"
"harmony import specifier","./services","dJ3e","pKmL"
"harmony import specifier","./services","dJ3e","pKmL"
"harmony import specifier","./services","dJ3e","pKmL"
"harmony import specifier","./services","dJ3e","pKmL"
"harmony import specifier","./services","dJ3e","pKmL"
"harmony import specifier","./services","dJ3e","pKmL"
"harmony side effect evaluation","../core","ey9i","7wo0"
"harmony side effect evaluation","../core","ey9i","7wo0"
"harmony side effect evaluation","../core","ey9i","7wo0"
"harmony import specifier","../core","ey9i","7wo0"
"harmony import specifier","../core","ey9i","7wo0"
"harmony side effect evaluation","../core","ey9i","ALb8"
"harmony side effect evaluation","../core","ey9i","ALb8"
"harmony side effect evaluation","../core","ey9i","ALb8"
"harmony side effect evaluation","../core","ey9i","ALb8"
"harmony side effect evaluation","../core","ey9i","ALb8"
"harmony import specifier","../core","ey9i","ALb8"
"harmony import specifier","../core","ey9i","ALb8"
"harmony import specifier","../core","ey9i","ALb8"
"harmony import specifier","../core","ey9i","ALb8"
"harmony import specifier","../core","ey9i","ALb8"
"harmony side effect evaluation","../../core","ey9i","SXxL"
"harmony side effect evaluation","../../core","ey9i","SXxL"
"harmony import specifier","../../core","ey9i","SXxL"
"harmony import specifier","../../core","ey9i","SXxL"
"harmony side effect evaluation","../core","ey9i","TYhg"
"harmony side effect evaluation","../core","ey9i","TYhg"
"harmony import specifier","../core","ey9i","TYhg"
"harmony side effect evaluation","../../core","ey9i","UCte"
"harmony side effect evaluation","../../core","ey9i","UCte"
"harmony import specifier","../../core","ey9i","UCte"
"harmony import specifier","../../core","ey9i","UCte"
"harmony side effect evaluation","../core","ey9i","cRhG"
"harmony side effect evaluation","../core","ey9i","cRhG"
"harmony side effect evaluation","../core","ey9i","cRhG"
"harmony side effect evaluation","../core","ey9i","cRhG"
"harmony import specifier","../core","ey9i","cRhG"
"harmony import specifier","../core","ey9i","cRhG"
"harmony side effect evaluation","../../core","ey9i","juF/"
"harmony side effect evaluation","../../core","ey9i","juF/"
"harmony import specifier","../../core","ey9i","juF/"
"harmony side effect evaluation","../../core","ey9i","mIkr"
"harmony side effect evaluation","../../core","ey9i","mIkr"
"harmony import specifier","../../core","ey9i","mIkr"
"harmony side effect evaluation","../core","ey9i","rZHr"
"harmony side effect evaluation","../core","ey9i","rZHr"
"harmony side effect evaluation","../core","ey9i","rZHr"
"harmony side effect evaluation","../core","ey9i","rZHr"
"harmony side effect evaluation","../core","ey9i","rZHr"
"harmony side effect evaluation","../core","ey9i","rZHr"
"harmony import specifier","../core","ey9i","rZHr"
"harmony import specifier","../core","ey9i","rZHr"
"harmony import specifier","../core","ey9i","rZHr"
"harmony import specifier","../core","ey9i","rZHr"
"harmony import specifier","../core","ey9i","rZHr"
"harmony import specifier","../core","ey9i","rZHr"
"harmony side effect evaluation","./core","ey9i","zUnb"
"harmony side effect evaluation","../core","ey9i","zUnb"
"harmony side effect evaluation","../core","ey9i","zUnb"
"harmony side effect evaluation","../core","ey9i","zUnb"
"harmony side effect evaluation","./core","ey9i","zUnb"
"harmony side effect evaluation","../core","ey9i","zUnb"
"harmony side effect evaluation","../core","ey9i","zUnb"
"harmony side effect evaluation","../core","ey9i","zUnb"
"harmony side effect evaluation","../core","ey9i","zUnb"
"harmony side effect evaluation","../core","ey9i","zUnb"
"harmony import specifier","./core","ey9i","zUnb"
"harmony import specifier","../core","ey9i","zUnb"
"harmony import specifier","../core","ey9i","zUnb"
"harmony import specifier","../core","ey9i","zUnb"
"harmony import specifier","../core","ey9i","zUnb"
"harmony import specifier","../core","ey9i","zUnb"
"harmony side effect evaluation","./article-list.component","juF/","M0ag"
"harmony export imported specifier","./article-list.component","juF/","M0ag"
"harmony side effect evaluation","../shared/article-helpers/article-list.component","juF/","cRhG"
"harmony side effect evaluation","../shared/article-helpers/article-list.component","juF/","cRhG"
"harmony import specifier","../shared/article-helpers/article-list.component","juF/","cRhG"
"harmony import specifier","../shared/article-helpers/article-list.component","juF/","cRhG"
"harmony side effect evaluation","../shared/article-helpers/article-list.component","juF/","zUnb"
"harmony import specifier","../shared/article-helpers/article-list.component","juF/","zUnb"
"harmony side effect evaluation","./header.component","mIkr","M0ag"
"harmony export imported specifier","./header.component","mIkr","M0ag"
"harmony side effect evaluation","./shared/layout/header.component","mIkr","zUnb"
"harmony import specifier","./shared/layout/header.component","mIkr","zUnb"
"harmony side effect evaluation","./article-preview.component","mzfZ","M0ag"
"harmony export imported specifier","./article-preview.component","mzfZ","M0ag"
"harmony side effect evaluation","./article-preview.component","mzfZ","juF/"
"harmony import specifier","./article-preview.component","mzfZ","juF/"
"harmony side effect evaluation","./core.module","pKmL","ey9i"
"harmony export imported specifier","./core.module","pKmL","ey9i"
"harmony side effect evaluation","./core/core.module","pKmL","zUnb"
"harmony import specifier","./core/core.module","pKmL","zUnb"
"harmony side effect evaluation","../shared/list-errors.component","vWSW","7wo0"
"harmony import specifier","../shared/list-errors.component","vWSW","7wo0"
"harmony side effect evaluation","../shared/list-errors.component","vWSW","ALb8"
"harmony import specifier","../shared/list-errors.component","vWSW","ALb8"
"harmony side effect evaluation","./list-errors.component","vWSW","M0ag"
"harmony export imported specifier","./list-errors.component","vWSW","M0ag"
"harmony side effect evaluation","../shared/list-errors.component","vWSW","rZHr"
"harmony import specifier","../shared/list-errors.component","vWSW","rZHr"
"harmony side effect evaluation","../shared/list-errors.component","vWSW","zUnb"
"harmony import specifier","../shared/list-errors.component","vWSW","zUnb"
"import() context lazy",".","zn8P","fXoL"
"import() context lazy",".","zn8P","fXoL"
"single entry","/Users/nickshevr/Documents/Yandex/angular-realworld-example-app/src/polyfills.ts","hN/g",1
"single entry","/Users/nickshevr/Documents/Yandex/angular-realworld-example-app/src/polyfills.ts","hN/g",2
"single entry","/Users/nickshevr/Documents/Yandex/angular-realworld-example-app/src/polyfills.ts","hN/g",1
"single entry","/Users/nickshevr/Documents/Yandex/angular-realworld-example-app/src/polyfills.ts","hN/g",2
"single entry","/Users/nickshevr/Documents/Yandex/angular-realworld-example-app/src/styles.css","OmL/",3
